<?xml version="1.0" encoding="UTF-8"?>
<java version="17.0.2" class="java.beans.XMLDecoder">
 <object class="org.eclipse.epp.internal.mpc.ui.catalog.MarketplaceInfo" id="MarketplaceInfo0">
  <void property="iuToNodeKey">
   <void method="put">
    <string>org.eclipse.egit.gitflow.feature</string>
    <object class="java.util.ArrayList">
     <void method="add">
      <string>https://marketplace.eclipse.org#2963400</string>
     </void>
    </object>
   </void>
   <void method="put">
    <string>org.eclipse.m2e.core.ui.phasesandgoals.feature</string>
    <object class="java.util.ArrayList">
     <void method="add">
      <string>https://marketplace.eclipse.org#2394572</string>
     </void>
    </object>
   </void>
   <void method="put">
    <string>org.eclipse.emf.codegen</string>
    <object class="java.util.ArrayList">
     <void method="add">
      <string>https://marketplace.eclipse.org#3581018</string>
     </void>
    </object>
   </void>
   <void method="put">
    <string>com.coderplus.m2e.remoteresourcesfeature</string>
    <object class="java.util.ArrayList">
     <void method="add">
      <string>https://marketplace.eclipse.org#1936167</string>
     </void>
    </object>
   </void>
   <void method="put">
    <string>org.eclipse.wst.xml_ui.feature</string>
    <object class="java.util.ArrayList">
     <void method="add">
      <string>https://marketplace.eclipse.org#2963400</string>
     </void>
     <void method="add">
      <string>https://marketplace.eclipse.org#3581018</string>
     </void>
    </object>
   </void>
   <void method="put">
    <string>org.eclipse.ecf.remoteservice.sdk.feature</string>
    <object class="java.util.ArrayList">
     <void method="add">
      <string>https://marketplace.eclipse.org#1405</string>
     </void>
    </object>
   </void>
   <void method="put">
    <string>org.eclipse.wst.xml_core.feature</string>
    <object class="java.util.ArrayList">
     <void method="add">
      <string>https://marketplace.eclipse.org#3581018</string>
     </void>
    </object>
   </void>
   <void method="put">
    <string>org.contextmapper.contextmap.generator.feature</string>
    <object class="java.util.ArrayList">
     <void method="add">
      <string>https://marketplace.eclipse.org#5009351</string>
     </void>
    </object>
   </void>
   <void method="put">
    <string>org.agileware.natural.cucumber.feature</string>
    <object class="java.util.ArrayList">
     <void method="add">
      <string>https://marketplace.eclipse.org#2427135</string>
     </void>
    </object>
   </void>
   <void method="put">
    <string>org.eclipse.wst.web_ui.feature</string>
    <object class="java.util.ArrayList">
     <void method="add">
      <string>https://marketplace.eclipse.org#2963400</string>
     </void>
     <void method="add">
      <string>https://marketplace.eclipse.org#3581018</string>
     </void>
    </object>
   </void>
   <void method="put">
    <string>org.eclipse.egit</string>
    <object class="java.util.ArrayList">
     <void method="add">
      <string>https://marketplace.eclipse.org#2963400</string>
     </void>
    </object>
   </void>
   <void method="put">
    <string>org.eclipse.wst.web_js_support.feature</string>
    <object class="java.util.ArrayList">
     <void method="add">
      <string>https://marketplace.eclipse.org#2963400</string>
     </void>
    </object>
   </void>
   <void method="put">
    <string>org.eclipse.objectteams.otequinox.feature.group</string>
    <object class="java.util.ArrayList">
     <void method="add">
      <string>https://marketplace.eclipse.org#279</string>
     </void>
    </object>
   </void>
   <void method="put">
    <string>org.eclipse.wst.common_core.feature</string>
    <object class="java.util.ArrayList">
     <void method="add">
      <string>https://marketplace.eclipse.org#3581018</string>
     </void>
    </object>
   </void>
   <void method="put">
    <string>de.marw.cmake4eclipse.feature</string>
    <object class="java.util.ArrayList">
     <void method="add">
      <string>https://marketplace.eclipse.org#2318334</string>
     </void>
    </object>
   </void>
   <void method="put">
    <string>org.thymeleaf.extras.eclipse.contentassist.feature</string>
    <object class="java.util.ArrayList">
     <void method="add">
      <string>https://marketplace.eclipse.org#4214112</string>
     </void>
    </object>
   </void>
   <void method="put">
    <string>org.contextmapper.dsl.feature</string>
    <object class="java.util.ArrayList">
     <void method="add">
      <string>https://marketplace.eclipse.org#5009351</string>
     </void>
    </object>
   </void>
   <void method="put">
    <string>com.coderplus.m2e.jaxws</string>
    <object class="java.util.ArrayList">
     <void method="add">
      <string>https://marketplace.eclipse.org#1965968</string>
     </void>
    </object>
   </void>
   <void method="put">
    <string>com.vmware.vfabric.ide.eclipse.tcserver</string>
    <object class="java.util.ArrayList">
     <void method="add">
      <string>https://marketplace.eclipse.org#4290168</string>
     </void>
    </object>
   </void>
   <void method="put">
    <string>org.jmr</string>
    <object class="java.util.ArrayList">
     <void method="add">
      <string>https://marketplace.eclipse.org#3581018</string>
     </void>
    </object>
   </void>
   <void method="put">
    <string>org.springframework.ide.eclipse.maven.feature</string>
    <object class="java.util.ArrayList">
     <void method="add">
      <string>https://marketplace.eclipse.org#4290168</string>
     </void>
    </object>
   </void>
   <void method="put">
    <string>org.springframework.ide.eclipse.security.feature</string>
    <object class="java.util.ArrayList">
     <void method="add">
      <string>https://marketplace.eclipse.org#4290168</string>
     </void>
    </object>
   </void>
   <void method="put">
    <string>org.eclipse.wst.json_ui.feature</string>
    <object class="java.util.ArrayList">
     <void method="add">
      <string>https://marketplace.eclipse.org#2963400</string>
     </void>
    </object>
   </void>
   <void method="put">
    <string>com.android.ide.eclipse.adt</string>
    <object class="java.util.ArrayList">
     <void method="add">
      <string>https://marketplace.eclipse.org#1171</string>
     </void>
    </object>
   </void>
   <void method="put">
    <string>org.springframework.ide.eclipse.integration.feature</string>
    <object class="java.util.ArrayList">
     <void method="add">
      <string>https://marketplace.eclipse.org#4290168</string>
     </void>
    </object>
   </void>
   <void method="put">
    <string>com.coderplus.m2e.yuicompressorfeature</string>
    <object class="java.util.ArrayList">
     <void method="add">
      <string>https://marketplace.eclipse.org#1953702</string>
     </void>
    </object>
   </void>
   <void method="put">
    <string>org.eclipse.emf.codegen.ecore</string>
    <object class="java.util.ArrayList">
     <void method="add">
      <string>https://marketplace.eclipse.org#3581018</string>
     </void>
    </object>
   </void>
   <void method="put">
    <string>org.springframework.ide.eclipse.aop.feature</string>
    <object class="java.util.ArrayList">
     <void method="add">
      <string>https://marketplace.eclipse.org#4290168</string>
     </void>
    </object>
   </void>
   <void method="put">
    <string>org.eclipse.m2e.feature</string>
    <object class="java.util.ArrayList">
     <void method="add">
      <string>https://marketplace.eclipse.org#5321178</string>
     </void>
    </object>
   </void>
   <void method="put">
    <string>org.eclipse.cvs</string>
    <object class="java.util.ArrayList">
     <void method="add">
      <string>https://marketplace.eclipse.org#2963400</string>
     </void>
    </object>
   </void>
   <void method="put">
    <string> org.eclipse.m2e.pde.feature</string>
    <object class="java.util.ArrayList">
     <void method="add">
      <string>https://marketplace.eclipse.org#5321178</string>
     </void>
    </object>
   </void>
   <void method="put">
    <string>org.eclipse.wildwebdeveloper.feature</string>
    <object class="java.util.ArrayList">
     <void method="add">
      <string>https://marketplace.eclipse.org#2963400</string>
     </void>
    </object>
   </void>
   <void method="put">
    <string>org.springframework.ide.eclipse.batch.feature</string>
    <object class="java.util.ArrayList">
     <void method="add">
      <string>https://marketplace.eclipse.org#4290168</string>
     </void>
    </object>
   </void>
   <void method="put">
    <string>org.eclipse.wst.web_core.feature</string>
    <object class="java.util.ArrayList">
     <void method="add">
      <string>https://marketplace.eclipse.org#3581018</string>
     </void>
    </object>
   </void>
   <void method="put">
    <string>org.eclipse.objectteams.otdt.feature.group</string>
    <object class="java.util.ArrayList">
     <void method="add">
      <string>https://marketplace.eclipse.org#279</string>
     </void>
    </object>
   </void>
   <void method="put">
    <string>org.eclipse.jdt.astview.feature</string>
    <object class="java.util.ArrayList">
     <void method="add">
      <string>https://marketplace.eclipse.org#69037</string>
     </void>
    </object>
   </void>
   <void method="put">
    <string>org.eclipse.jdt.java18patch</string>
    <object class="java.util.ArrayList">
     <void method="add">
      <string>https://marketplace.eclipse.org#5505813</string>
     </void>
    </object>
   </void>
   <void method="put">
    <string>org.eclipse.jdt.java18patch.source</string>
    <object class="java.util.ArrayList">
     <void method="add">
      <string>https://marketplace.eclipse.org#5505813</string>
     </void>
    </object>
   </void>
   <void method="put">
    <string>org.eclipse.wst.server_adapters.feature</string>
    <object class="java.util.ArrayList">
     <void method="add">
      <string>https://marketplace.eclipse.org#2963400</string>
     </void>
    </object>
   </void>
   <void method="put">
    <string>org.eclipse.pde</string>
    <object class="java.util.ArrayList">
     <void method="add">
      <string>https://marketplace.eclipse.org#3581018</string>
     </void>
    </object>
   </void>
   <void method="put">
    <string>bndtools.main.feature</string>
    <object class="java.util.ArrayList">
     <void method="add">
      <string>https://marketplace.eclipse.org#1220</string>
     </void>
    </object>
   </void>
   <void method="put">
    <string>org.eclipse.wildwebdeveloper.embedder.node.feature</string>
    <object class="java.util.ArrayList">
     <void method="add">
      <string>https://marketplace.eclipse.org#2963400</string>
     </void>
    </object>
   </void>
   <void method="put">
    <string>org.springsource.ide.eclipse.dashboard</string>
    <object class="java.util.ArrayList">
     <void method="add">
      <string>https://marketplace.eclipse.org#4290168</string>
     </void>
    </object>
   </void>
   <void method="put">
    <string>com.aspose.barcode.java.maven</string>
    <object class="java.util.ArrayList">
     <void method="add">
      <string>https://marketplace.eclipse.org#5277018</string>
     </void>
    </object>
   </void>
   <void method="put">
    <string>org.eclipse.emf.common.ui</string>
    <object class="java.util.ArrayList">
     <void method="add">
      <string>https://marketplace.eclipse.org#3581018</string>
     </void>
    </object>
   </void>
   <void method="put">
    <string>cucumber.eclipse.feature</string>
    <object class="java.util.ArrayList">
     <void method="add">
      <string>https://marketplace.eclipse.org#3759385</string>
     </void>
    </object>
   </void>
   <void method="put">
    <string>org.eclipse.jdt</string>
    <object class="java.util.ArrayList">
     <void method="add">
      <string>https://marketplace.eclipse.org#3581018</string>
     </void>
    </object>
   </void>
   <void method="put">
    <string>org.eclipse.pde.java18patch</string>
    <object class="java.util.ArrayList">
     <void method="add">
      <string>https://marketplace.eclipse.org#5505813</string>
     </void>
    </object>
   </void>
   <void method="put">
    <string>org.eclipse.emf.common</string>
    <object class="java.util.ArrayList">
     <void method="add">
      <string>https://marketplace.eclipse.org#3581018</string>
     </void>
    </object>
   </void>
   <void method="put">
    <string>org.agileware.natural.jbehave.feature</string>
    <object class="java.util.ArrayList">
     <void method="add">
      <string>https://marketplace.eclipse.org#2427135</string>
     </void>
    </object>
   </void>
   <void method="put">
    <string>org.nodeclipse.enide.editors.pom.atom.feature</string>
    <object class="java.util.ArrayList">
     <void method="add">
      <string>https://marketplace.eclipse.org#2828075</string>
     </void>
    </object>
   </void>
   <void method="put">
    <string>org.jboss.tools.maven.profiles.feature</string>
    <object class="java.util.ArrayList">
     <void method="add">
      <string>https://marketplace.eclipse.org#1286316</string>
     </void>
    </object>
   </void>
   <void method="put">
    <string>me.gladwell.eclipse.m2e.android.feature</string>
    <object class="java.util.ArrayList">
     <void method="add">
      <string>https://marketplace.eclipse.org#1171</string>
     </void>
    </object>
   </void>
   <void method="put">
    <string>org.springframework.ide.eclipse.feature</string>
    <object class="java.util.ArrayList">
     <void method="add">
      <string>https://marketplace.eclipse.org#4290168</string>
     </void>
    </object>
   </void>
   <void method="put">
    <string>org.springframework.ide.eclipse.webflow.feature</string>
    <object class="java.util.ArrayList">
     <void method="add">
      <string>https://marketplace.eclipse.org#4290168</string>
     </void>
    </object>
   </void>
   <void method="put">
    <string>bndtools.m2e.feature</string>
    <object class="java.util.ArrayList">
     <void method="add">
      <string>https://marketplace.eclipse.org#1220</string>
     </void>
    </object>
   </void>
   <void method="put">
    <string>org.contextmapper.servicecutter.feature</string>
    <object class="java.util.ArrayList">
     <void method="add">
      <string>https://marketplace.eclipse.org#5009351</string>
     </void>
    </object>
   </void>
   <void method="put">
    <string>org.dadacoalition.yedit.feature</string>
    <object class="java.util.ArrayList">
     <void method="add">
      <string>https://marketplace.eclipse.org#2828075</string>
     </void>
    </object>
   </void>
   <void method="put">
    <string>org.springframework.ide.eclipse.mylyn.feature</string>
    <object class="java.util.ArrayList">
     <void method="add">
      <string>https://marketplace.eclipse.org#4290168</string>
     </void>
    </object>
   </void>
   <void method="put">
    <string>org.nodeclipse.enide.editors.pom.groovy.feature</string>
    <object class="java.util.ArrayList">
     <void method="add">
      <string>https://marketplace.eclipse.org#2828075</string>
     </void>
    </object>
   </void>
   <void method="put">
    <string>org.eclipse.pde.java18patch.source</string>
    <object class="java.util.ArrayList">
     <void method="add">
      <string>https://marketplace.eclipse.org#5505813</string>
     </void>
    </object>
   </void>
   <void method="put">
    <string>org.eclipse.emf.ecore</string>
    <object class="java.util.ArrayList">
     <void method="add">
      <string>https://marketplace.eclipse.org#3581018</string>
     </void>
    </object>
   </void>
   <void method="put">
    <string>org.eclipse.tips.feature</string>
    <object class="java.util.ArrayList">
     <void method="add">
      <string>https://marketplace.eclipse.org#2963400</string>
     </void>
    </object>
   </void>
   <void method="put">
    <string>org.jboss.tools.maven.polyglot.poc.feature</string>
    <object class="java.util.ArrayList">
     <void method="add">
      <string>https://marketplace.eclipse.org#2828075</string>
     </void>
    </object>
   </void>
   <void method="put">
    <string>org.eclipse.wst.xsl.feature</string>
    <object class="java.util.ArrayList">
     <void method="add">
      <string>https://marketplace.eclipse.org#2963400</string>
     </void>
    </object>
   </void>
   <void method="put">
    <string>org.freejava.dependencyviewer.feature</string>
    <object class="java.util.ArrayList">
     <void method="add">
      <string>https://marketplace.eclipse.org#170795</string>
     </void>
    </object>
   </void>
   <void method="put">
    <string>com.ianbrandt.tools.m2e.mdp.feature</string>
    <object class="java.util.ArrayList">
     <void method="add">
      <string>https://marketplace.eclipse.org#1938363</string>
     </void>
    </object>
   </void>
   <void method="put">
    <string>org.springframework.ide.eclipse.data.feature</string>
    <object class="java.util.ArrayList">
     <void method="add">
      <string>https://marketplace.eclipse.org#4290168</string>
     </void>
    </object>
   </void>
   <void method="put">
    <string>org.eclipse.tm.terminal.feature</string>
    <object class="java.util.ArrayList">
     <void method="add">
      <string>https://marketplace.eclipse.org#2963400</string>
     </void>
    </object>
   </void>
   <void method="put">
    <string>org.eclipse.jet</string>
    <object class="java.util.ArrayList">
     <void method="add">
      <string>https://marketplace.eclipse.org#3581018</string>
     </void>
    </object>
   </void>
   <void method="put">
    <string>org.springframework.ide.eclipse.autowire.feature</string>
    <object class="java.util.ArrayList">
     <void method="add">
      <string>https://marketplace.eclipse.org#4290168</string>
     </void>
    </object>
   </void>
   <void method="put">
    <string>org.eclipse.emf.codegen.ecore.ui</string>
    <object class="java.util.ArrayList">
     <void method="add">
      <string>https://marketplace.eclipse.org#3581018</string>
     </void>
    </object>
   </void>
   <void method="put">
    <string>org.eclipse.wst.server_ui.feature</string>
    <object class="java.util.ArrayList">
     <void method="add">
      <string>https://marketplace.eclipse.org#2963400</string>
     </void>
    </object>
   </void>
   <void method="put">
    <string>org.eclipse.ecf.sdk</string>
    <object class="java.util.ArrayList">
     <void method="add">
      <string>https://marketplace.eclipse.org#1405</string>
     </void>
    </object>
   </void>
   <void method="put">
    <string>org.eclipse.emf.ecore.edit</string>
    <object class="java.util.ArrayList">
     <void method="add">
      <string>https://marketplace.eclipse.org#3581018</string>
     </void>
    </object>
   </void>
   <void method="put">
    <string>bndtools.pde.feature</string>
    <object class="java.util.ArrayList">
     <void method="add">
      <string>https://marketplace.eclipse.org#1220</string>
     </void>
    </object>
   </void>
  </void>
  <void property="nodeKeyToIU">
   <void method="put">
    <string>https://marketplace.eclipse.org#2828075</string>
    <object class="java.util.ArrayList">
     <void method="add">
      <string>org.jboss.tools.maven.polyglot.poc.feature</string>
     </void>
     <void method="add">
      <string>org.nodeclipse.enide.editors.pom.atom.feature</string>
     </void>
     <void method="add">
      <string>org.nodeclipse.enide.editors.pom.groovy.feature</string>
     </void>
     <void method="add">
      <string>org.dadacoalition.yedit.feature</string>
     </void>
    </object>
   </void>
   <void method="put">
    <string>https://marketplace.eclipse.org#2427135</string>
    <object class="java.util.ArrayList">
     <void method="add">
      <string>org.agileware.natural.cucumber.feature</string>
     </void>
     <void method="add">
      <string>org.agileware.natural.jbehave.feature</string>
     </void>
    </object>
   </void>
   <void method="put">
    <string>https://marketplace.eclipse.org#2318334</string>
    <object class="java.util.ArrayList">
     <void method="add">
      <string>de.marw.cmake4eclipse.feature</string>
     </void>
    </object>
   </void>
   <void method="put">
    <string>https://marketplace.eclipse.org#3581018</string>
    <object class="java.util.ArrayList">
     <void method="add">
      <string>org.eclipse.pde</string>
     </void>
     <void method="add">
      <string>org.eclipse.jdt</string>
     </void>
     <void method="add">
      <string>org.eclipse.emf.common</string>
     </void>
     <void method="add">
      <string>org.eclipse.emf.common.ui</string>
     </void>
     <void method="add">
      <string>org.eclipse.wst.common_core.feature</string>
     </void>
     <void method="add">
      <string>org.eclipse.wst.xml_core.feature</string>
     </void>
     <void method="add">
      <string>org.eclipse.wst.xml_ui.feature</string>
     </void>
     <void method="add">
      <string>org.eclipse.emf.ecore</string>
     </void>
     <void method="add">
      <string>org.eclipse.emf.codegen</string>
     </void>
     <void method="add">
      <string>org.eclipse.emf.ecore.edit</string>
     </void>
     <void method="add">
      <string>org.eclipse.emf.codegen.ecore</string>
     </void>
     <void method="add">
      <string>org.eclipse.emf.codegen.ecore.ui</string>
     </void>
     <void method="add">
      <string>org.eclipse.wst.web_core.feature</string>
     </void>
     <void method="add">
      <string>org.eclipse.wst.web_ui.feature</string>
     </void>
     <void method="add">
      <string>org.eclipse.jet</string>
     </void>
     <void method="add">
      <string>org.jmr</string>
     </void>
    </object>
   </void>
   <void method="put">
    <string>https://marketplace.eclipse.org#69037</string>
    <object class="java.util.ArrayList">
     <void method="add">
      <string>org.eclipse.jdt.astview.feature</string>
     </void>
    </object>
   </void>
   <void method="put">
    <string>https://marketplace.eclipse.org#5277018</string>
    <object class="java.util.ArrayList">
     <void method="add">
      <string>com.aspose.barcode.java.maven</string>
     </void>
    </object>
   </void>
   <void method="put">
    <string>https://marketplace.eclipse.org#279</string>
    <object class="java.util.ArrayList">
     <void method="add">
      <string>org.eclipse.objectteams.otdt.feature.group</string>
     </void>
     <void method="add">
      <string>org.eclipse.objectteams.otequinox.feature.group</string>
     </void>
    </object>
   </void>
   <void method="put">
    <string>https://marketplace.eclipse.org#5009351</string>
    <object class="java.util.ArrayList">
     <void method="add">
      <string>org.contextmapper.dsl.feature</string>
     </void>
     <void method="add">
      <string>org.contextmapper.contextmap.generator.feature</string>
     </void>
     <void method="add">
      <string>org.contextmapper.servicecutter.feature</string>
     </void>
    </object>
   </void>
   <void method="put">
    <string>https://marketplace.eclipse.org#1936167</string>
    <object class="java.util.ArrayList">
     <void method="add">
      <string>com.coderplus.m2e.remoteresourcesfeature</string>
     </void>
    </object>
   </void>
   <void method="put">
    <string>https://marketplace.eclipse.org#5321178</string>
    <object class="java.util.ArrayList">
     <void method="add">
      <string>org.eclipse.m2e.feature</string>
     </void>
     <void method="add">
      <string> org.eclipse.m2e.pde.feature</string>
     </void>
    </object>
   </void>
   <void method="put">
    <string>https://marketplace.eclipse.org#2963400</string>
    <object class="java.util.ArrayList">
     <void method="add">
      <string>org.eclipse.wst.web_ui.feature</string>
     </void>
     <void method="add">
      <string>org.eclipse.wst.web_js_support.feature</string>
     </void>
     <void method="add">
      <string>org.eclipse.wst.xml_ui.feature</string>
     </void>
     <void method="add">
      <string>org.eclipse.wst.xsl.feature</string>
     </void>
     <void method="add">
      <string>org.eclipse.wildwebdeveloper.feature</string>
     </void>
     <void method="add">
      <string>org.eclipse.wildwebdeveloper.embedder.node.feature</string>
     </void>
     <void method="add">
      <string>org.eclipse.wst.server_ui.feature</string>
     </void>
     <void method="add">
      <string>org.eclipse.wst.server_adapters.feature</string>
     </void>
     <void method="add">
      <string>org.eclipse.tm.terminal.feature</string>
     </void>
     <void method="add">
      <string>org.eclipse.tips.feature</string>
     </void>
     <void method="add">
      <string>org.eclipse.egit.gitflow.feature</string>
     </void>
     <void method="add">
      <string>org.eclipse.egit</string>
     </void>
     <void method="add">
      <string>org.eclipse.cvs</string>
     </void>
     <void method="add">
      <string>org.eclipse.wst.json_ui.feature</string>
     </void>
    </object>
   </void>
   <void method="put">
    <string>https://marketplace.eclipse.org#1938363</string>
    <object class="java.util.ArrayList">
     <void method="add">
      <string>com.ianbrandt.tools.m2e.mdp.feature</string>
     </void>
    </object>
   </void>
   <void method="put">
    <string>https://marketplace.eclipse.org#1405</string>
    <object class="java.util.ArrayList">
     <void method="add">
      <string>org.eclipse.ecf.remoteservice.sdk.feature</string>
     </void>
     <void method="add">
      <string>org.eclipse.ecf.sdk</string>
     </void>
    </object>
   </void>
   <void method="put">
    <string>https://marketplace.eclipse.org#4214112</string>
    <object class="java.util.ArrayList">
     <void method="add">
      <string>org.thymeleaf.extras.eclipse.contentassist.feature</string>
     </void>
    </object>
   </void>
   <void method="put">
    <string>https://marketplace.eclipse.org#1965968</string>
    <object class="java.util.ArrayList">
     <void method="add">
      <string>com.coderplus.m2e.jaxws</string>
     </void>
    </object>
   </void>
   <void method="put">
    <string>https://marketplace.eclipse.org#170795</string>
    <object class="java.util.ArrayList">
     <void method="add">
      <string>org.freejava.dependencyviewer.feature</string>
     </void>
    </object>
   </void>
   <void method="put">
    <string>https://marketplace.eclipse.org#3759385</string>
    <object class="java.util.ArrayList">
     <void method="add">
      <string>cucumber.eclipse.feature</string>
     </void>
    </object>
   </void>
   <void method="put">
    <string>https://marketplace.eclipse.org#1220</string>
    <object class="java.util.ArrayList">
     <void method="add">
      <string>bndtools.main.feature</string>
     </void>
     <void method="add">
      <string>bndtools.m2e.feature</string>
     </void>
     <void method="add">
      <string>bndtools.pde.feature</string>
     </void>
    </object>
   </void>
   <void method="put">
    <string>https://marketplace.eclipse.org#1286316</string>
    <object class="java.util.ArrayList">
     <void method="add">
      <string>org.jboss.tools.maven.profiles.feature</string>
     </void>
    </object>
   </void>
   <void method="put">
    <string>https://marketplace.eclipse.org#1953702</string>
    <object class="java.util.ArrayList">
     <void method="add">
      <string>com.coderplus.m2e.yuicompressorfeature</string>
     </void>
    </object>
   </void>
   <void method="put">
    <string>https://marketplace.eclipse.org#1171</string>
    <object class="java.util.ArrayList">
     <void method="add">
      <string>me.gladwell.eclipse.m2e.android.feature</string>
     </void>
     <void method="add">
      <string>com.android.ide.eclipse.adt</string>
     </void>
    </object>
   </void>
   <void method="put">
    <string>https://marketplace.eclipse.org#5505813</string>
    <object class="java.util.ArrayList">
     <void method="add">
      <string>org.eclipse.pde.java18patch</string>
     </void>
     <void method="add">
      <string>org.eclipse.jdt.java18patch</string>
     </void>
     <void method="add">
      <string>org.eclipse.pde.java18patch.source</string>
     </void>
     <void method="add">
      <string>org.eclipse.jdt.java18patch.source</string>
     </void>
    </object>
   </void>
   <void method="put">
    <string>https://marketplace.eclipse.org#4290168</string>
    <object class="java.util.ArrayList">
     <void method="add">
      <string>org.springframework.ide.eclipse.feature</string>
     </void>
     <void method="add">
      <string>org.springframework.ide.eclipse.aop.feature</string>
     </void>
     <void method="add">
      <string>org.springframework.ide.eclipse.webflow.feature</string>
     </void>
     <void method="add">
      <string>org.springframework.ide.eclipse.mylyn.feature</string>
     </void>
     <void method="add">
      <string>org.springframework.ide.eclipse.security.feature</string>
     </void>
     <void method="add">
      <string>org.springframework.ide.eclipse.autowire.feature</string>
     </void>
     <void method="add">
      <string>org.springframework.ide.eclipse.batch.feature</string>
     </void>
     <void method="add">
      <string>org.springframework.ide.eclipse.integration.feature</string>
     </void>
     <void method="add">
      <string>org.springframework.ide.eclipse.data.feature</string>
     </void>
     <void method="add">
      <string>org.springframework.ide.eclipse.maven.feature</string>
     </void>
     <void method="add">
      <string>com.vmware.vfabric.ide.eclipse.tcserver</string>
     </void>
     <void method="add">
      <string>org.springsource.ide.eclipse.dashboard</string>
     </void>
    </object>
   </void>
   <void method="put">
    <string>https://marketplace.eclipse.org#2394572</string>
    <object class="java.util.ArrayList">
     <void method="add">
      <string>org.eclipse.m2e.core.ui.phasesandgoals.feature</string>
     </void>
    </object>
   </void>
  </void>
 </object>
</java>
